"funding_round_type","fund_amt"
"post_ipo_debt",168704571.822368
"post_ipo_equity",82182493.8710191
"secondary_market",79649630.1
"private_equity",73308593.0294421
"undisclosed",19242370.2256637
"debt_financing",17043526.023047
"venture",11748949.1294895
"grant",4300576.33945386
"convertible_note",1453438.54319281
"product_crowdfunding",1363131.06994819
"angel",958694.469753086
"seed",719817.996907173
"equity_crowdfunding",538368.210912052
"non_equity_assistance",411203.054794521
NA,NA
